label,value
"Fri Jun 18 12:30:12 -0400 2010","1"
"Fri Jun 18 12:53:47 -0400 2010","1"
"Fri Jun 18 12:16:03 -0400 2010","1"
"Fri Jun 18 12:11:20 -0400 2010","1"
"Fri Jun 18 12:53:48 -0400 2010","1"
"Fri Jun 18 12:49:05 -0400 2010","1"
"Fri Jun 18 13:12:41 -0400 2010","1"
"Fri Jun 18 12:39:40 -0400 2010","1"
"Fri Jun 18 13:17:25 -0400 2010","1"
"Fri Jun 18 12:11:23 -0400 2010","1"
"Fri Jun 18 12:39:41 -0400 2010","1"
"Fri Jun 18 13:36:17 -0400 2010","1"
"Fri Jun 18 13:36:19 -0400 2010","1"
"Fri Jun 18 13:22:11 -0400 2010","1"
"Fri Jun 18 13:03:19 -0400 2010","1"
"Fri Jun 18 12:53:54 -0400 2010","1"
"Fri Jun 18 12:06:44 -0400 2010","1"
"Fri Jun 18 12:30:20 -0400 2010","1"
"Fri Jun 18 12:53:55 -0400 2010","1"
"Fri Jun 18 13:08:04 -0400 2010","2"
"Fri Jun 18 12:35:03 -0400 2010","1"
"Fri Jun 18 13:31:39 -0400 2010","1"
"Fri Jun 18 13:26:57 -0400 2010","1"
"Fri Jun 18 13:17:31 -0400 2010","4"
"Fri Jun 18 12:11:29 -0400 2010","1"
"Fri Jun 18 12:53:57 -0400 2010","1"
"Fri Jun 18 11:52:38 -0400 2010","1"
"Fri Jun 18 12:20:57 -0400 2010","1"
"Fri Jun 18 13:41:08 -0400 2010","1"
"Fri Jun 18 12:58:42 -0400 2010","1"
"Fri Jun 18 12:58:43 -0400 2010","1"
"Fri Jun 18 12:54:00 -0400 2010","1"
"Fri Jun 18 12:20:59 -0400 2010","1"
"Fri Jun 18 13:36:27 -0400 2010","1"
"Fri Jun 18 13:17:36 -0400 2010","1"
"Fri Jun 18 13:31:45 -0400 2010","1"
"Fri Jun 18 11:57:26 -0400 2010","1"
"Fri Jun 18 13:17:37 -0400 2010","1"
"Fri Jun 18 13:41:12 -0400 2010","1"
"Fri Jun 18 12:30:28 -0400 2010","1"
"Fri Jun 18 12:21:02 -0400 2010","1"
"Fri Jun 18 12:44:37 -0400 2010","2"
"Fri Jun 18 13:12:55 -0400 2010","1"
"Fri Jun 18 13:31:48 -0400 2010","2"
"Fri Jun 18 12:54:05 -0400 2010","1"
"Fri Jun 18 13:22:23 -0400 2010","1"
"Fri Jun 18 11:52:46 -0400 2010","2"
"Fri Jun 18 13:36:32 -0400 2010","1"
"Fri Jun 18 13:03:31 -0400 2010","1"
"Fri Jun 18 12:49:23 -0400 2010","1"
"Fri Jun 18 13:12:58 -0400 2010","1"
"Fri Jun 18 13:31:50 -0400 2010","1"
"Fri Jun 18 12:49:24 -0400 2010","1"
"Fri Jun 18 12:16:23 -0400 2010","1"
"Fri Jun 18 13:36:34 -0400 2010","1"
"Fri Jun 18 12:35:16 -0400 2010","1"
"Fri Jun 18 13:31:55 -0400 2010","1"
"Fri Jun 18 12:11:45 -0400 2010","1"
"Fri Jun 18 12:58:55 -0400 2010","1"
"Fri Jun 18 12:49:30 -0400 2010","1"
"Fri Jun 18 12:16:29 -0400 2010","2"
"Fri Jun 18 12:35:21 -0400 2010","1"
"Fri Jun 18 11:57:37 -0400 2010","2"
"Fri Jun 18 12:44:48 -0400 2010","2"
"Fri Jun 18 13:36:41 -0400 2010","1"
"Fri Jun 18 12:25:57 -0400 2010","1"
"Fri Jun 18 12:21:14 -0400 2010","1"
"Fri Jun 18 12:21:15 -0400 2010","1"
"Fri Jun 18 12:54:17 -0400 2010","1"
"Fri Jun 18 12:40:08 -0400 2010","1"
"Fri Jun 18 13:32:01 -0400 2010","1"
"Fri Jun 18 12:59:00 -0400 2010","1"
"Fri Jun 18 11:57:41 -0400 2010","1"
"Fri Jun 18 11:52:59 -0400 2010","1"
"Fri Jun 18 12:21:17 -0400 2010","1"
"Fri Jun 18 12:40:09 -0400 2010","1"
"Fri Jun 18 12:07:08 -0400 2010","1"
"Fri Jun 18 13:03:44 -0400 2010","1"
"Fri Jun 18 12:59:01 -0400 2010","1"
"Fri Jun 18 13:41:29 -0400 2010","1"
"Fri Jun 18 11:48:17 -0400 2010","2"
"Fri Jun 18 13:13:11 -0400 2010","1"
"Fri Jun 18 11:57:43 -0400 2010","1"
"Fri Jun 18 11:48:18 -0400 2010","1"
"Fri Jun 18 11:48:19 -0400 2010","1"
"Fri Jun 18 12:44:55 -0400 2010","1"
"Fri Jun 18 13:27:22 -0400 2010","1"
"Fri Jun 18 12:54:22 -0400 2010","1"
"Fri Jun 18 11:48:20 -0400 2010","1"
"Fri Jun 18 12:30:47 -0400 2010","1"
"Fri Jun 18 13:32:07 -0400 2010","1"
"Fri Jun 18 13:17:59 -0400 2010","1"
"Fri Jun 18 12:49:41 -0400 2010","1"
"Fri Jun 18 12:07:14 -0400 2010","1"
"Fri Jun 18 13:32:08 -0400 2010","1"
"Fri Jun 18 12:21:24 -0400 2010","1"
"Fri Jun 18 12:49:42 -0400 2010","2"
"Fri Jun 18 13:18:00 -0400 2010","1"
"Fri Jun 18 12:49:43 -0400 2010","1"
"Fri Jun 18 13:36:53 -0400 2010","1"
"Fri Jun 18 12:49:44 -0400 2010","1"
"Fri Jun 18 12:16:43 -0400 2010","1"
"Fri Jun 18 13:08:36 -0400 2010","1"
"Fri Jun 18 13:27:28 -0400 2010","1"
"Fri Jun 18 12:49:45 -0400 2010","1"
"Fri Jun 18 13:41:38 -0400 2010","1"
"Fri Jun 18 12:40:19 -0400 2010","2"
"Fri Jun 18 13:36:55 -0400 2010","1"
"Fri Jun 18 13:03:54 -0400 2010","1"
"Fri Jun 18 12:45:03 -0400 2010","1"
"Fri Jun 18 13:27:30 -0400 2010","1"
"Fri Jun 18 12:26:11 -0400 2010","1"
"Fri Jun 18 12:49:47 -0400 2010","2"
"Fri Jun 18 13:03:56 -0400 2010","1"
"Fri Jun 18 12:45:05 -0400 2010","1"
"Fri Jun 18 12:16:48 -0400 2010","1"
"Fri Jun 18 12:26:14 -0400 2010","1"
"Fri Jun 18 12:45:07 -0400 2010","1"
"Fri Jun 18 13:08:42 -0400 2010","1"
"Fri Jun 18 13:27:34 -0400 2010","1"
"Fri Jun 18 12:49:51 -0400 2010","1"
"Fri Jun 18 12:45:08 -0400 2010","1"
"Fri Jun 18 13:08:43 -0400 2010","1"
"Fri Jun 18 13:04:00 -0400 2010","1"
"Fri Jun 18 12:02:41 -0400 2010","1"
"Fri Jun 18 12:54:34 -0400 2010","1"
"Fri Jun 18 11:53:15 -0400 2010","1"
"Fri Jun 18 12:16:51 -0400 2010","1"
"Fri Jun 18 13:04:01 -0400 2010","1"
"Fri Jun 18 12:26:17 -0400 2010","1"
"Fri Jun 18 12:21:36 -0400 2010","1"
"Fri Jun 18 12:45:11 -0400 2010","2"
"Fri Jun 18 12:02:44 -0400 2010","1"
"Fri Jun 18 13:22:55 -0400 2010","1"
"Fri Jun 18 11:53:18 -0400 2010","1"
"Fri Jun 18 11:48:36 -0400 2010","1"
"Fri Jun 18 12:07:28 -0400 2010","1"
"Fri Jun 18 12:12:12 -0400 2010","1"
"Fri Jun 18 12:26:21 -0400 2010","1"
"Fri Jun 18 13:22:57 -0400 2010","1"
"Fri Jun 18 13:32:24 -0400 2010","1"
"Fri Jun 18 12:21:39 -0400 2010","1"
"Fri Jun 18 12:45:15 -0400 2010","2"
"Fri Jun 18 12:21:40 -0400 2010","1"
"Fri Jun 18 13:04:08 -0400 2010","1"
"Fri Jun 18 11:58:06 -0400 2010","1"
"Fri Jun 18 12:54:42 -0400 2010","1"
"Fri Jun 18 13:23:00 -0400 2010","1"
"Fri Jun 18 12:16:59 -0400 2010","1"
"Fri Jun 18 11:48:42 -0400 2010","1"
"Fri Jun 18 13:27:45 -0400 2010","1"
"Fri Jun 18 12:21:43 -0400 2010","1"
"Fri Jun 18 11:48:43 -0400 2010","1"
"Fri Jun 18 12:59:28 -0400 2010","1"
"Fri Jun 18 12:26:27 -0400 2010","1"
"Fri Jun 18 12:21:44 -0400 2010","1"
"Fri Jun 18 12:45:20 -0400 2010","1"
"Fri Jun 18 13:37:13 -0400 2010","1"
"Fri Jun 18 12:31:11 -0400 2010","1"
"Fri Jun 18 12:54:46 -0400 2010","2"
"Fri Jun 18 13:23:04 -0400 2010","1"
"Fri Jun 18 13:18:22 -0400 2010","1"
"Fri Jun 18 12:17:03 -0400 2010","1"
"Fri Jun 18 13:13:40 -0400 2010","1"
"Fri Jun 18 13:37:15 -0400 2010","1"
"Fri Jun 18 13:04:14 -0400 2010","1"
"Fri Jun 18 12:31:13 -0400 2010","1"
"Fri Jun 18 13:27:49 -0400 2010","1"
"Fri Jun 18 13:23:07 -0400 2010","1"
"Fri Jun 18 12:12:22 -0400 2010","1"
"Fri Jun 18 13:32:33 -0400 2010","1"
"Fri Jun 18 11:53:30 -0400 2010","1"
"Fri Jun 18 12:12:23 -0400 2010","1"
"Fri Jun 18 13:32:34 -0400 2010","1"
"Fri Jun 18 13:23:08 -0400 2010","1"
"Fri Jun 18 13:13:43 -0400 2010","1"
"Fri Jun 18 12:12:24 -0400 2010","1"
"Fri Jun 18 13:32:35 -0400 2010","1"
"Fri Jun 18 12:26:33 -0400 2010","1"
"Fri Jun 18 13:23:09 -0400 2010","1"
"Fri Jun 18 13:13:44 -0400 2010","1"
"Fri Jun 18 13:04:18 -0400 2010","1"
"Fri Jun 18 11:58:16 -0400 2010","1"
"Fri Jun 18 12:21:51 -0400 2010","1"
"Fri Jun 18 13:04:19 -0400 2010","2"
"Fri Jun 18 12:21:52 -0400 2010","1"
"Fri Jun 18 12:40:45 -0400 2010","1"
"Fri Jun 18 12:36:02 -0400 2010","1"
"Fri Jun 18 13:32:38 -0400 2010","2"
"Fri Jun 18 12:21:53 -0400 2010","1"
"Fri Jun 18 11:53:36 -0400 2010","1"
"Fri Jun 18 12:45:29 -0400 2010","1"
"Fri Jun 18 13:09:04 -0400 2010","1"
"Fri Jun 18 12:07:45 -0400 2010","1"
"Fri Jun 18 13:18:30 -0400 2010","2"
"Fri Jun 18 13:42:06 -0400 2010","1"
"Fri Jun 18 12:12:29 -0400 2010","1"
"Fri Jun 18 12:36:04 -0400 2010","1"
"Fri Jun 18 13:27:57 -0400 2010","1"
"Fri Jun 18 12:03:04 -0400 2010","1"
"Fri Jun 18 12:21:56 -0400 2010","1"
"Fri Jun 18 12:45:32 -0400 2010","1"
"Fri Jun 18 13:09:08 -0400 2010","1"
"Fri Jun 18 12:07:49 -0400 2010","1"
"Fri Jun 18 13:23:17 -0400 2010","1"
"Fri Jun 18 12:21:58 -0400 2010","1"
"Fri Jun 18 13:18:34 -0400 2010","1"
"Fri Jun 18 13:04:28 -0400 2010","1"
"Fri Jun 18 12:26:44 -0400 2010","1"
"Fri Jun 18 11:53:43 -0400 2010","1"
"Fri Jun 18 11:49:00 -0400 2010","1"
"Fri Jun 18 12:31:28 -0400 2010","1"
"Fri Jun 18 13:18:39 -0400 2010","1"
"Fri Jun 18 13:37:32 -0400 2010","1"
"Fri Jun 18 11:58:29 -0400 2010","1"
"Fri Jun 18 13:09:15 -0400 2010","1"
"Fri Jun 18 13:37:33 -0400 2010","1"
"Fri Jun 18 12:07:56 -0400 2010","1"
"Fri Jun 18 13:28:07 -0400 2010","1"
"Fri Jun 18 12:55:06 -0400 2010","1"
"Fri Jun 18 13:23:24 -0400 2010","1"
"Fri Jun 18 13:13:59 -0400 2010","1"
"Fri Jun 18 12:12:41 -0400 2010","1"
"Fri Jun 18 13:09:17 -0400 2010","1"
"Fri Jun 18 12:03:15 -0400 2010","1"
"Fri Jun 18 12:50:25 -0400 2010","1"
"Fri Jun 18 13:18:43 -0400 2010","1"
"Fri Jun 18 12:41:00 -0400 2010","1"
"Fri Jun 18 13:32:53 -0400 2010","1"
"Fri Jun 18 12:17:25 -0400 2010","1"
"Fri Jun 18 13:09:18 -0400 2010","1"
"Fri Jun 18 12:41:01 -0400 2010","1"
"Fri Jun 18 13:09:19 -0400 2010","1"
"Fri Jun 18 12:36:19 -0400 2010","1"
"Fri Jun 18 12:36:20 -0400 2010","1"
"Fri Jun 18 13:04:38 -0400 2010","1"
"Fri Jun 18 12:26:54 -0400 2010","1"
"Fri Jun 18 12:22:12 -0400 2010","1"
"Fri Jun 18 12:50:30 -0400 2010","1"
"Fri Jun 18 13:18:48 -0400 2010","1"
"Fri Jun 18 12:12:47 -0400 2010","1"
"Fri Jun 18 12:31:39 -0400 2010","1"
"Fri Jun 18 12:22:13 -0400 2010","1"
"Fri Jun 18 13:04:41 -0400 2010","1"
"Fri Jun 18 12:12:48 -0400 2010","1"
"Fri Jun 18 12:41:06 -0400 2010","1"
"Fri Jun 18 11:58:39 -0400 2010","1"
"Fri Jun 18 12:26:57 -0400 2010","1"
"Fri Jun 18 13:33:00 -0400 2010","1"
"Fri Jun 18 12:03:23 -0400 2010","1"
"Fri Jun 18 13:23:34 -0400 2010","1"
"Fri Jun 18 12:22:15 -0400 2010","1"
"Fri Jun 18 13:14:09 -0400 2010","1"
"Fri Jun 18 13:37:44 -0400 2010","2"
"Fri Jun 18 12:50:34 -0400 2010","1"
"Fri Jun 18 12:45:51 -0400 2010","1"
"Fri Jun 18 13:04:44 -0400 2010","1"
"Fri Jun 18 13:28:19 -0400 2010","1"
"Fri Jun 18 11:53:59 -0400 2010","1"
"Fri Jun 18 11:58:43 -0400 2010","1"
"Fri Jun 18 12:45:53 -0400 2010","1"
"Fri Jun 18 12:50:37 -0400 2010","1"
"Fri Jun 18 13:09:29 -0400 2010","1"
"Fri Jun 18 13:33:04 -0400 2010","1"
"Fri Jun 18 13:00:03 -0400 2010","1"
"Fri Jun 18 11:54:01 -0400 2010","1"
"Fri Jun 18 13:18:56 -0400 2010","1"
"Fri Jun 18 12:55:22 -0400 2010","1"
"Fri Jun 18 12:22:21 -0400 2010","1"
"Fri Jun 18 13:14:14 -0400 2010","1"
"Fri Jun 18 12:08:13 -0400 2010","1"
"Fri Jun 18 13:33:07 -0400 2010","1"
"Fri Jun 18 12:22:23 -0400 2010","1"
"Fri Jun 18 12:41:15 -0400 2010","1"
"Fri Jun 18 13:28:26 -0400 2010","2"
"Fri Jun 18 12:03:33 -0400 2010","1"
"Fri Jun 18 12:17:42 -0400 2010","1"
"Fri Jun 18 12:46:00 -0400 2010","1"
"Fri Jun 18 13:14:18 -0400 2010","1"
"Fri Jun 18 13:09:36 -0400 2010","1"
"Fri Jun 18 12:22:26 -0400 2010","1"
"Fri Jun 18 12:50:44 -0400 2010","1"
"Fri Jun 18 12:08:18 -0400 2010","1"
"Fri Jun 18 11:58:52 -0400 2010","1"
"Fri Jun 18 12:17:44 -0400 2010","2"
"Fri Jun 18 12:08:19 -0400 2010","1"
"Fri Jun 18 13:28:30 -0400 2010","1"
"Fri Jun 18 13:14:21 -0400 2010","1"
"Fri Jun 18 13:04:56 -0400 2010","1"
"Fri Jun 18 13:19:05 -0400 2010","1"
"Fri Jun 18 12:46:04 -0400 2010","1"
"Fri Jun 18 13:19:06 -0400 2010","1"
"Fri Jun 18 12:08:22 -0400 2010","1"
"Fri Jun 18 12:03:39 -0400 2010","1"
"Fri Jun 18 11:54:13 -0400 2010","1"
"Fri Jun 18 12:08:24 -0400 2010","1"
"Fri Jun 18 13:00:17 -0400 2010","1"
"Fri Jun 18 12:46:08 -0400 2010","1"
"Fri Jun 18 13:09:43 -0400 2010","1"
"Fri Jun 18 12:32:01 -0400 2010","2"
"Fri Jun 18 12:32:02 -0400 2010","1"
"Fri Jun 18 13:00:20 -0400 2010","1"
"Fri Jun 18 13:38:04 -0400 2010","1"
"Fri Jun 18 13:09:47 -0400 2010","1"
"Fri Jun 18 12:03:46 -0400 2010","1"
"Fri Jun 18 12:55:39 -0400 2010","1"
"Fri Jun 18 13:19:14 -0400 2010","1"
"Fri Jun 18 13:42:49 -0400 2010","1"
"Fri Jun 18 13:09:48 -0400 2010","1"
"Fri Jun 18 12:32:05 -0400 2010","2"
"Fri Jun 18 13:00:23 -0400 2010","1"
"Fri Jun 18 12:27:22 -0400 2010","1"
"Fri Jun 18 12:55:40 -0400 2010","1"
"Fri Jun 18 12:50:58 -0400 2010","2"
"Fri Jun 18 13:19:16 -0400 2010","1"
"Fri Jun 18 13:14:33 -0400 2010","1"
"Fri Jun 18 12:32:07 -0400 2010","1"
"Fri Jun 18 13:28:43 -0400 2010","2"
"Fri Jun 18 12:22:41 -0400 2010","1"
"Fri Jun 18 13:38:09 -0400 2010","1"
"Fri Jun 18 12:08:32 -0400 2010","1"
"Fri Jun 18 12:03:50 -0400 2010","1"
"Fri Jun 18 12:41:34 -0400 2010","1"
"Fri Jun 18 13:05:10 -0400 2010","1"
"Fri Jun 18 12:32:09 -0400 2010","1"
"Fri Jun 18 11:54:25 -0400 2010","1"
"Fri Jun 18 12:46:18 -0400 2010","1"
"Fri Jun 18 13:19:20 -0400 2010","1"
"Fri Jun 18 13:05:12 -0400 2010","1"
"Fri Jun 18 12:32:11 -0400 2010","1"
"Fri Jun 18 12:27:28 -0400 2010","1"
"Fri Jun 18 12:27:29 -0400 2010","1"
"Fri Jun 18 12:22:46 -0400 2010","1"
"Fri Jun 18 12:51:04 -0400 2010","1"
"Fri Jun 18 12:32:13 -0400 2010","1"
"Fri Jun 18 12:22:47 -0400 2010","1"
"Fri Jun 18 13:19:23 -0400 2010","1"
"Fri Jun 18 13:42:58 -0400 2010","1"
"Fri Jun 18 12:36:56 -0400 2010","1"
"Fri Jun 18 12:32:14 -0400 2010","1"
"Fri Jun 18 12:46:23 -0400 2010","1"
"Fri Jun 18 12:41:41 -0400 2010","1"
"Fri Jun 18 13:09:59 -0400 2010","1"
"Fri Jun 18 13:28:52 -0400 2010","1"
"Fri Jun 18 13:28:54 -0400 2010","1"
"Fri Jun 18 12:27:35 -0400 2010","2"
"Fri Jun 18 12:18:09 -0400 2010","1"
"Fri Jun 18 12:41:44 -0400 2010","1"
"Fri Jun 18 12:08:43 -0400 2010","1"
"Fri Jun 18 12:27:36 -0400 2010","1"
"Fri Jun 18 13:05:21 -0400 2010","2"
"Fri Jun 18 13:00:39 -0400 2010","1"
"Fri Jun 18 12:51:13 -0400 2010","1"
"Fri Jun 18 12:08:46 -0400 2010","1"
"Fri Jun 18 12:37:04 -0400 2010","1"
"Fri Jun 18 13:05:22 -0400 2010","1"
"Fri Jun 18 12:55:57 -0400 2010","1"
"Fri Jun 18 13:19:32 -0400 2010","1"
"Fri Jun 18 13:05:23 -0400 2010","1"
"Fri Jun 18 12:55:58 -0400 2010","1"
"Fri Jun 18 11:54:39 -0400 2010","1"
"Fri Jun 18 13:10:07 -0400 2010","1"
"Fri Jun 18 13:05:24 -0400 2010","1"
"Fri Jun 18 13:05:25 -0400 2010","1"
"Fri Jun 18 13:10:08 -0400 2010","1"
"Fri Jun 18 13:33:43 -0400 2010","1"
"Fri Jun 18 12:32:25 -0400 2010","1"
"Fri Jun 18 13:29:01 -0400 2010","1"
"Fri Jun 18 12:51:17 -0400 2010","1"
"Fri Jun 18 12:18:16 -0400 2010","1"
"Fri Jun 18 12:37:08 -0400 2010","1"
"Fri Jun 18 12:23:00 -0400 2010","2"
"Fri Jun 18 12:51:18 -0400 2010","1"
"Fri Jun 18 12:27:44 -0400 2010","1"
"Fri Jun 18 11:54:43 -0400 2010","1"
"Fri Jun 18 12:23:01 -0400 2010","1"
"Fri Jun 18 13:05:29 -0400 2010","1"
"Fri Jun 18 12:56:04 -0400 2010","2"
"Fri Jun 18 12:56:05 -0400 2010","1"
"Fri Jun 18 13:19:40 -0400 2010","1"
"Fri Jun 18 13:38:32 -0400 2010","1"
"Fri Jun 18 13:24:24 -0400 2010","2"
"Fri Jun 18 11:54:47 -0400 2010","1"
"Fri Jun 18 12:18:22 -0400 2010","1"
"Fri Jun 18 13:05:32 -0400 2010","1"
"Fri Jun 18 11:54:48 -0400 2010","1"
"Fri Jun 18 13:19:42 -0400 2010","1"
"Fri Jun 18 13:38:34 -0400 2010","1"
"Fri Jun 18 13:24:26 -0400 2010","1"
"Fri Jun 18 13:19:43 -0400 2010","1"
"Fri Jun 18 11:54:50 -0400 2010","1"
"Fri Jun 18 12:46:43 -0400 2010","1"
"Fri Jun 18 13:24:28 -0400 2010","1"
"Fri Jun 18 11:54:51 -0400 2010","1"
"Fri Jun 18 13:19:45 -0400 2010","1"
"Fri Jun 18 12:13:43 -0400 2010","1"
"Fri Jun 18 13:19:46 -0400 2010","1"
"Fri Jun 18 13:05:37 -0400 2010","1"
"Fri Jun 18 13:33:55 -0400 2010","2"
"Fri Jun 18 13:24:30 -0400 2010","1"
"Fri Jun 18 12:23:11 -0400 2010","1"
"Fri Jun 18 12:46:46 -0400 2010","1"
"Fri Jun 18 13:43:22 -0400 2010","1"
"Fri Jun 18 13:38:39 -0400 2010","1"
"Fri Jun 18 13:05:38 -0400 2010","1"
"Fri Jun 18 12:04:19 -0400 2010","1"
"Fri Jun 18 11:59:37 -0400 2010","1"
"Fri Jun 18 13:38:40 -0400 2010","1"
"Fri Jun 18 11:59:38 -0400 2010","1"
"Fri Jun 18 12:27:56 -0400 2010","1"
"Fri Jun 18 12:46:48 -0400 2010","1"
"Fri Jun 18 12:13:47 -0400 2010","1"
"Fri Jun 18 12:09:04 -0400 2010","1"
"Fri Jun 18 13:29:16 -0400 2010","1"
"Fri Jun 18 11:59:39 -0400 2010","1"
"Fri Jun 18 13:15:07 -0400 2010","1"
"Fri Jun 18 12:13:48 -0400 2010","1"
"Fri Jun 18 12:09:05 -0400 2010","1"
"Fri Jun 18 13:05:41 -0400 2010","1"
"Fri Jun 18 13:19:51 -0400 2010","1"
"Fri Jun 18 13:43:26 -0400 2010","2"
"Fri Jun 18 13:38:43 -0400 2010","1"
"Fri Jun 18 13:29:18 -0400 2010","1"
"Fri Jun 18 12:56:17 -0400 2010","1"
"Fri Jun 18 12:23:16 -0400 2010","1"
"Fri Jun 18 12:18:33 -0400 2010","1"
"Fri Jun 18 13:43:27 -0400 2010","1"
"Fri Jun 18 12:13:51 -0400 2010","1"
"Fri Jun 18 12:51:35 -0400 2010","2"
"Fri Jun 18 12:04:25 -0400 2010","1"
"Fri Jun 18 12:23:18 -0400 2010","1"
"Fri Jun 18 11:55:01 -0400 2010","1"
"Fri Jun 18 12:51:37 -0400 2010","1"
"Fri Jun 18 13:19:56 -0400 2010","1"
"Fri Jun 18 13:15:13 -0400 2010","1"
"Fri Jun 18 12:37:29 -0400 2010","1"
"Fri Jun 18 12:32:46 -0400 2010","1"
"Fri Jun 18 12:28:04 -0400 2010","2"
"Fri Jun 18 13:19:57 -0400 2010","1"
"Fri Jun 18 12:37:30 -0400 2010","2"
"Fri Jun 18 12:04:29 -0400 2010","1"
"Fri Jun 18 13:38:50 -0400 2010","1"
"Fri Jun 18 12:23:23 -0400 2010","1"
"Fri Jun 18 12:18:41 -0400 2010","1"
"Fri Jun 18 13:43:35 -0400 2010","1"
"Fri Jun 18 12:09:16 -0400 2010","1"
"Fri Jun 18 12:04:33 -0400 2010","1"
"Fri Jun 18 13:01:09 -0400 2010","1"
"Fri Jun 18 11:55:08 -0400 2010","1"
"Fri Jun 18 12:42:18 -0400 2010","2"
"Fri Jun 18 12:32:52 -0400 2010","1"
"Fri Jun 18 12:28:10 -0400 2010","1"
"Fri Jun 18 13:24:46 -0400 2010","1"
"Fri Jun 18 12:09:18 -0400 2010","1"
"Fri Jun 18 12:18:45 -0400 2010","2"
"Fri Jun 18 12:42:20 -0400 2010","1"
"Fri Jun 18 13:38:56 -0400 2010","1"
"Fri Jun 18 13:29:30 -0400 2010","1"
"Fri Jun 18 12:42:21 -0400 2010","1"
"Fri Jun 18 12:51:48 -0400 2010","1"
"Fri Jun 18 12:51:49 -0400 2010","1"
"Fri Jun 18 13:34:16 -0400 2010","1"
"Fri Jun 18 13:43:43 -0400 2010","1"
"Fri Jun 18 13:20:08 -0400 2010","1"
"Fri Jun 18 12:42:24 -0400 2010","1"
"Fri Jun 18 12:09:23 -0400 2010","1"
"Fri Jun 18 12:37:41 -0400 2010","1"
"Fri Jun 18 12:18:50 -0400 2010","1"
"Fri Jun 18 12:09:24 -0400 2010","1"
"Fri Jun 18 13:34:18 -0400 2010","1"
"Fri Jun 18 12:04:41 -0400 2010","1"
"Fri Jun 18 11:59:58 -0400 2010","1"
"Fri Jun 18 12:23:34 -0400 2010","2"
"Fri Jun 18 13:01:18 -0400 2010","2"
"Fri Jun 18 13:29:36 -0400 2010","1"
"Fri Jun 18 13:24:54 -0400 2010","1"
"Fri Jun 18 12:18:52 -0400 2010","1"
"Fri Jun 18 12:33:02 -0400 2010","1"
"Fri Jun 18 12:04:45 -0400 2010","1"
"Fri Jun 18 13:34:22 -0400 2010","1"
"Fri Jun 18 13:29:39 -0400 2010","1"
"Fri Jun 18 12:00:02 -0400 2010","1"
"Fri Jun 18 12:04:46 -0400 2010","1"
"Fri Jun 18 13:29:40 -0400 2010","1"
"Fri Jun 18 12:28:21 -0400 2010","1"
"Fri Jun 18 13:24:57 -0400 2010","1"
"Fri Jun 18 13:10:49 -0400 2010","1"
"Fri Jun 18 12:04:47 -0400 2010","1"
"Fri Jun 18 13:29:41 -0400 2010","1"
"Fri Jun 18 12:28:23 -0400 2010","1"
"Fri Jun 18 13:24:59 -0400 2010","1"
"Fri Jun 18 12:51:59 -0400 2010","1"
"Fri Jun 18 12:18:58 -0400 2010","1"
"Fri Jun 18 13:39:09 -0400 2010","1"
"Fri Jun 18 12:28:24 -0400 2010","1"
"Fri Jun 18 12:33:08 -0400 2010","1"
"Fri Jun 18 12:23:42 -0400 2010","2"
"Fri Jun 18 12:23:43 -0400 2010","1"
"Fri Jun 18 12:04:51 -0400 2010","1"
"Fri Jun 18 13:29:45 -0400 2010","1"
"Fri Jun 18 13:43:55 -0400 2010","1"
"Fri Jun 18 13:39:12 -0400 2010","1"
"Fri Jun 18 12:04:52 -0400 2010","1"
"Fri Jun 18 13:01:28 -0400 2010","1"
"Fri Jun 18 12:28:27 -0400 2010","1"
"Fri Jun 18 13:25:03 -0400 2010","1"
"Fri Jun 18 13:43:56 -0400 2010","1"
"Fri Jun 18 12:14:19 -0400 2010","2"
"Fri Jun 18 12:09:36 -0400 2010","1"
"Fri Jun 18 12:52:04 -0400 2010","1"
"Fri Jun 18 13:43:57 -0400 2010","1"
"Fri Jun 18 12:28:29 -0400 2010","2"
"Fri Jun 18 12:19:04 -0400 2010","1"
"Fri Jun 18 13:10:57 -0400 2010","1"
"Fri Jun 18 13:06:14 -0400 2010","1"
"Fri Jun 18 13:10:58 -0400 2010","1"
"Fri Jun 18 13:25:07 -0400 2010","1"
"Fri Jun 18 12:19:06 -0400 2010","1"
"Fri Jun 18 12:37:58 -0400 2010","1"
"Fri Jun 18 13:29:51 -0400 2010","1"
"Fri Jun 18 13:11:00 -0400 2010","1"
"Fri Jun 18 12:52:09 -0400 2010","1"
"Fri Jun 18 13:15:44 -0400 2010","1"
"Fri Jun 18 12:52:10 -0400 2010","1"
"Fri Jun 18 12:52:11 -0400 2010","1"
"Fri Jun 18 13:11:03 -0400 2010","2"
"Fri Jun 18 12:23:53 -0400 2010","1"
"Fri Jun 18 13:15:47 -0400 2010","1"
"Fri Jun 18 13:34:39 -0400 2010","1"
"Fri Jun 18 13:20:31 -0400 2010","1"
"Fri Jun 18 12:42:48 -0400 2010","1"
"Fri Jun 18 12:09:47 -0400 2010","1"
"Fri Jun 18 12:23:56 -0400 2010","1"
"Fri Jun 18 12:47:32 -0400 2010","1"
"Fri Jun 18 12:38:06 -0400 2010","2"
"Fri Jun 18 12:47:33 -0400 2010","1"
"Fri Jun 18 13:44:09 -0400 2010","1"
"Fri Jun 18 13:06:25 -0400 2010","1"
"Fri Jun 18 12:28:41 -0400 2010","1"
"Fri Jun 18 12:23:58 -0400 2010","1"
"Fri Jun 18 12:42:51 -0400 2010","1"
"Fri Jun 18 12:38:08 -0400 2010","1"
"Fri Jun 18 12:52:17 -0400 2010","1"
"Fri Jun 18 12:19:17 -0400 2010","1"
"Fri Jun 18 13:44:11 -0400 2010","1"
"Fri Jun 18 12:14:34 -0400 2010","1"
"Fri Jun 18 12:42:52 -0400 2010","1"
"Fri Jun 18 12:28:43 -0400 2010","1"
"Fri Jun 18 12:42:53 -0400 2010","2"
"Fri Jun 18 12:33:27 -0400 2010","1"
"Fri Jun 18 12:52:19 -0400 2010","1"
"Fri Jun 18 12:47:37 -0400 2010","1"
"Fri Jun 18 12:42:54 -0400 2010","1"
"Fri Jun 18 13:30:04 -0400 2010","1"
"Fri Jun 18 13:20:38 -0400 2010","1"
"Fri Jun 18 12:09:54 -0400 2010","1"
"Fri Jun 18 13:11:14 -0400 2010","1"
"Fri Jun 18 13:01:48 -0400 2010","1"
"Fri Jun 18 13:30:06 -0400 2010","1"
"Fri Jun 18 13:20:40 -0400 2010","2"
"Fri Jun 18 13:06:32 -0400 2010","1"
"Fri Jun 18 13:06:33 -0400 2010","1"
"Fri Jun 18 13:44:17 -0400 2010","1"
"Fri Jun 18 13:11:16 -0400 2010","1"
"Fri Jun 18 12:33:32 -0400 2010","1"
"Fri Jun 18 12:19:24 -0400 2010","1"
"Fri Jun 18 13:06:34 -0400 2010","3"
"Fri Jun 18 13:01:51 -0400 2010","1"
"Fri Jun 18 12:52:25 -0400 2010","1"
"Fri Jun 18 12:43:00 -0400 2010","1"
"Fri Jun 18 13:01:52 -0400 2010","1"
"Fri Jun 18 13:44:20 -0400 2010","1"
"Fri Jun 18 12:05:17 -0400 2010","2"
"Fri Jun 18 13:30:11 -0400 2010","1"
"Fri Jun 18 12:47:45 -0400 2010","1"
"Fri Jun 18 13:44:21 -0400 2010","1"
"Fri Jun 18 13:30:13 -0400 2010","1"
"Fri Jun 18 12:28:54 -0400 2010","1"
"Fri Jun 18 12:52:29 -0400 2010","1"
"Fri Jun 18 13:20:47 -0400 2010","2"
"Fri Jun 18 13:44:23 -0400 2010","1"
"Fri Jun 18 12:10:03 -0400 2010","1"
"Fri Jun 18 13:01:56 -0400 2010","1"
"Fri Jun 18 12:28:55 -0400 2010","1"
"Fri Jun 18 12:19:29 -0400 2010","1"
"Fri Jun 18 13:01:57 -0400 2010","1"
"Fri Jun 18 12:28:56 -0400 2010","1"
"Fri Jun 18 11:55:56 -0400 2010","2"
"Fri Jun 18 12:52:32 -0400 2010","1"
"Fri Jun 18 13:20:50 -0400 2010","1"
"Fri Jun 18 13:39:43 -0400 2010","2"
"Fri Jun 18 12:10:06 -0400 2010","1"
"Fri Jun 18 13:01:59 -0400 2010","1"
"Fri Jun 18 12:00:40 -0400 2010","1"
"Fri Jun 18 12:28:58 -0400 2010","2"
"Fri Jun 18 12:52:33 -0400 2010","1"
"Fri Jun 18 13:39:44 -0400 2010","1"
"Fri Jun 18 12:33:42 -0400 2010","1"
"Fri Jun 18 13:02:00 -0400 2010","1"
"Fri Jun 18 12:00:41 -0400 2010","1"
"Fri Jun 18 12:28:59 -0400 2010","5"
"Fri Jun 18 13:44:28 -0400 2010","1"
"Fri Jun 18 12:10:08 -0400 2010","1"
"Fri Jun 18 12:52:35 -0400 2010","1"
"Fri Jun 18 12:19:34 -0400 2010","1"
"Fri Jun 18 12:10:09 -0400 2010","1"
"Fri Jun 18 13:06:45 -0400 2010","1"
"Fri Jun 18 12:05:26 -0400 2010","1"
"Fri Jun 18 13:02:02 -0400 2010","1"
"Fri Jun 18 13:44:30 -0400 2010","1"
"Fri Jun 18 12:14:53 -0400 2010","1"
"Fri Jun 18 13:02:03 -0400 2010","1"
"Fri Jun 18 11:56:01 -0400 2010","1"
"Fri Jun 18 12:14:54 -0400 2010","1"
"Fri Jun 18 13:30:23 -0400 2010","1"
"Fri Jun 18 11:51:20 -0400 2010","1"
"Fri Jun 18 12:14:56 -0400 2010","1"
"Fri Jun 18 13:11:32 -0400 2010","1"
"Fri Jun 18 13:39:50 -0400 2010","1"
"Fri Jun 18 13:02:06 -0400 2010","1"
"Fri Jun 18 12:00:47 -0400 2010","1"
"Fri Jun 18 12:24:22 -0400 2010","1"
"Fri Jun 18 12:43:15 -0400 2010","1"
"Fri Jun 18 13:06:50 -0400 2010","1"
"Fri Jun 18 12:52:41 -0400 2010","1"
"Fri Jun 18 12:05:32 -0400 2010","1"
"Fri Jun 18 12:47:59 -0400 2010","1"
"Fri Jun 18 12:38:34 -0400 2010","1"
"Fri Jun 18 12:33:51 -0400 2010","1"
"Fri Jun 18 13:02:09 -0400 2010","2"
"Fri Jun 18 12:57:26 -0400 2010","1"
"Fri Jun 18 12:24:27 -0400 2010","1"
"Fri Jun 18 12:38:36 -0400 2010","1"
"Fri Jun 18 12:57:28 -0400 2010","1"
"Fri Jun 18 13:44:38 -0400 2010","1"
"Fri Jun 18 11:46:43 -0400 2010","1"
"Fri Jun 18 13:35:13 -0400 2010","1"
"Fri Jun 18 12:00:53 -0400 2010","1"
"Fri Jun 18 12:29:11 -0400 2010","1"
"Fri Jun 18 11:56:10 -0400 2010","1"
"Fri Jun 18 12:52:46 -0400 2010","1"
"Fri Jun 18 13:25:48 -0400 2010","1"
"Fri Jun 18 13:16:23 -0400 2010","1"
"Fri Jun 18 13:35:15 -0400 2010","1"
"Fri Jun 18 12:24:30 -0400 2010","1"
"Fri Jun 18 12:52:48 -0400 2010","1"
"Fri Jun 18 12:43:23 -0400 2010","1"
"Fri Jun 18 12:33:57 -0400 2010","1"
"Fri Jun 18 12:57:32 -0400 2010","1"
"Fri Jun 18 13:21:07 -0400 2010","1"
"Fri Jun 18 12:43:24 -0400 2010","1"
"Fri Jun 18 12:33:58 -0400 2010","1"
"Fri Jun 18 13:02:16 -0400 2010","1"
"Fri Jun 18 12:48:07 -0400 2010","1"
"Fri Jun 18 13:16:25 -0400 2010","1"
"Fri Jun 18 13:40:01 -0400 2010","1"
"Fri Jun 18 12:10:24 -0400 2010","1"
"Fri Jun 18 12:00:58 -0400 2010","1"
"Fri Jun 18 12:19:50 -0400 2010","1"
"Fri Jun 18 12:10:25 -0400 2010","1"
"Fri Jun 18 12:38:43 -0400 2010","1"
"Fri Jun 18 12:52:52 -0400 2010","1"
"Fri Jun 18 11:51:33 -0400 2010","1"
"Fri Jun 18 11:46:50 -0400 2010","1"
"Fri Jun 18 12:57:36 -0400 2010","1"
"Fri Jun 18 12:24:35 -0400 2010","1"
"Fri Jun 18 13:11:46 -0400 2010","1"
"Fri Jun 18 12:34:02 -0400 2010","1"
"Fri Jun 18 12:29:19 -0400 2010","1"
"Fri Jun 18 12:19:53 -0400 2010","1"
"Fri Jun 18 12:48:11 -0400 2010","1"
"Fri Jun 18 13:44:47 -0400 2010","1"
"Fri Jun 18 13:25:56 -0400 2010","2"
"Fri Jun 18 13:21:13 -0400 2010","1"
"Fri Jun 18 12:38:47 -0400 2010","1"
"Fri Jun 18 12:05:46 -0400 2010","1"
"Fri Jun 18 13:30:40 -0400 2010","1"
"Fri Jun 18 12:57:39 -0400 2010","1"
"Fri Jun 18 12:48:13 -0400 2010","2"
"Fri Jun 18 12:15:12 -0400 2010","1"
"Fri Jun 18 13:40:07 -0400 2010","2"
"Fri Jun 18 12:48:14 -0400 2010","1"
"Fri Jun 18 13:25:59 -0400 2010","1"
"Fri Jun 18 13:40:08 -0400 2010","1"
"Fri Jun 18 13:02:24 -0400 2010","1"
"Fri Jun 18 13:30:42 -0400 2010","1"
"Fri Jun 18 12:48:15 -0400 2010","1"
"Fri Jun 18 13:21:17 -0400 2010","1"
"Fri Jun 18 12:48:16 -0400 2010","1"
"Fri Jun 18 13:44:52 -0400 2010","1"
"Fri Jun 18 13:16:35 -0400 2010","1"
"Fri Jun 18 13:07:10 -0400 2010","1"
"Fri Jun 18 13:30:45 -0400 2010","1"
"Fri Jun 18 12:29:26 -0400 2010","1"
"Fri Jun 18 12:01:09 -0400 2010","1"
"Fri Jun 18 12:29:27 -0400 2010","1"
"Fri Jun 18 11:56:26 -0400 2010","1"
"Fri Jun 18 13:44:55 -0400 2010","1"
"Fri Jun 18 13:35:30 -0400 2010","1"
"Fri Jun 18 13:02:29 -0400 2010","2"
"Fri Jun 18 13:30:47 -0400 2010","2"
"Fri Jun 18 13:44:56 -0400 2010","1"
"Fri Jun 18 12:38:55 -0400 2010","1"
"Fri Jun 18 12:24:46 -0400 2010","1"
"Fri Jun 18 12:53:04 -0400 2010","1"
"Fri Jun 18 11:51:45 -0400 2010","1"
"Fri Jun 18 12:20:03 -0400 2010","1"
"Fri Jun 18 13:30:49 -0400 2010","1"
"Fri Jun 18 12:53:05 -0400 2010","1"
"Fri Jun 18 11:47:03 -0400 2010","2"
"Fri Jun 18 12:10:39 -0400 2010","2"
"Fri Jun 18 13:07:15 -0400 2010","1"
"Fri Jun 18 12:53:06 -0400 2010","2"
"Fri Jun 18 13:21:24 -0400 2010","1"
"Fri Jun 18 11:47:04 -0400 2010","1"
"Fri Jun 18 13:07:16 -0400 2010","1"
"Fri Jun 18 13:02:33 -0400 2010","1"
"Fri Jun 18 13:16:42 -0400 2010","1"
"Fri Jun 18 11:47:05 -0400 2010","1"
"Fri Jun 18 12:10:41 -0400 2010","1"
"Fri Jun 18 12:53:08 -0400 2010","1"
"Fri Jun 18 12:20:07 -0400 2010","1"
"Fri Jun 18 11:56:33 -0400 2010","1"
"Fri Jun 18 12:34:17 -0400 2010","1"
"Fri Jun 18 12:24:51 -0400 2010","1"
"Fri Jun 18 11:51:50 -0400 2010","1"
"Fri Jun 18 13:02:36 -0400 2010","1"
"Fri Jun 18 11:56:34 -0400 2010","1"
"Fri Jun 18 12:24:52 -0400 2010","1"
"Fri Jun 18 13:40:20 -0400 2010","1"
"Fri Jun 18 13:21:29 -0400 2010","1"
"Fri Jun 18 13:12:03 -0400 2010","1"
"Fri Jun 18 12:10:44 -0400 2010","1"
"Fri Jun 18 13:21:30 -0400 2010","1"
"Fri Jun 18 11:51:53 -0400 2010","1"
"Fri Jun 18 12:43:46 -0400 2010","1"
"Fri Jun 18 12:10:46 -0400 2010","1"
"Fri Jun 18 12:10:47 -0400 2010","1"
"Fri Jun 18 13:30:59 -0400 2010","1"
"Fri Jun 18 12:10:48 -0400 2010","1"
"Fri Jun 18 12:34:24 -0400 2010","2"
"Fri Jun 18 11:51:57 -0400 2010","1"
"Fri Jun 18 13:02:43 -0400 2010","1"
"Fri Jun 18 11:56:41 -0400 2010","1"
"Fri Jun 18 12:15:33 -0400 2010","1"
"Fri Jun 18 13:12:09 -0400 2010","2"
"Fri Jun 18 12:39:08 -0400 2010","1"
"Fri Jun 18 12:58:01 -0400 2010","1"
"Fri Jun 18 12:25:00 -0400 2010","1"
"Fri Jun 18 12:53:18 -0400 2010","1"
"Fri Jun 18 12:15:34 -0400 2010","1"
"Fri Jun 18 12:43:52 -0400 2010","1"
"Fri Jun 18 13:40:28 -0400 2010","1"
"Fri Jun 18 12:53:19 -0400 2010","1"
"Fri Jun 18 13:40:30 -0400 2010","1"
"Fri Jun 18 12:10:53 -0400 2010","1"
"Fri Jun 18 12:58:04 -0400 2010","1"
"Fri Jun 18 13:35:49 -0400 2010","1"
"Fri Jun 18 13:31:06 -0400 2010","1"
"Fri Jun 18 12:58:05 -0400 2010","1"
"Fri Jun 18 11:56:46 -0400 2010","1"
"Fri Jun 18 13:21:40 -0400 2010","1"
"Fri Jun 18 12:20:21 -0400 2010","1"
"Fri Jun 18 13:16:57 -0400 2010","1"
"Fri Jun 18 11:47:20 -0400 2010","1"
"Fri Jun 18 12:39:13 -0400 2010","1"
"Fri Jun 18 12:06:13 -0400 2010","1"
"Fri Jun 18 12:58:06 -0400 2010","1"
"Fri Jun 18 12:15:40 -0400 2010","1"
"Fri Jun 18 12:58:07 -0400 2010","1"
"Fri Jun 18 12:58:08 -0400 2010","1"
"Fri Jun 18 12:53:25 -0400 2010","2"
"Fri Jun 18 12:39:16 -0400 2010","1"
"Fri Jun 18 13:35:52 -0400 2010","1"
"Fri Jun 18 12:58:09 -0400 2010","1"
"Fri Jun 18 11:56:50 -0400 2010","1"
"Fri Jun 18 12:48:43 -0400 2010","1"
"Fri Jun 18 12:44:00 -0400 2010","1"
"Fri Jun 18 13:21:45 -0400 2010","1"
"Fri Jun 18 12:39:18 -0400 2010","1"
"Fri Jun 18 11:52:09 -0400 2010","1"
"Fri Jun 18 12:01:36 -0400 2010","1"
"Fri Jun 18 12:58:12 -0400 2010","1"
"Fri Jun 18 13:07:38 -0400 2010","1"
"Fri Jun 18 13:31:14 -0400 2010","1"
"Fri Jun 18 12:39:21 -0400 2010","1"
"Fri Jun 18 13:02:57 -0400 2010","1"
"Fri Jun 18 12:01:38 -0400 2010","2"
"Fri Jun 18 13:40:41 -0400 2010","1"
"Fri Jun 18 12:58:15 -0400 2010","1"
"Fri Jun 18 13:40:42 -0400 2010","1"
"Fri Jun 18 12:34:42 -0400 2010","1"
"Fri Jun 18 11:56:58 -0400 2010","1"
"Fri Jun 18 12:25:16 -0400 2010","1"
"Fri Jun 18 12:48:51 -0400 2010","1"
"Fri Jun 18 13:31:19 -0400 2010","1"
"Fri Jun 18 12:30:00 -0400 2010","1"
"Fri Jun 18 11:56:59 -0400 2010","1"
"Fri Jun 18 12:39:26 -0400 2010","1"
"Fri Jun 18 12:01:43 -0400 2010","1"
"Fri Jun 18 12:58:19 -0400 2010","1"
"Fri Jun 18 13:40:46 -0400 2010","1"
"Fri Jun 18 12:39:27 -0400 2010","2"
"Fri Jun 18 12:06:26 -0400 2010","1"
"Fri Jun 18 11:57:01 -0400 2010","1"
"Fri Jun 18 12:39:29 -0400 2010","1"
"Fri Jun 18 13:36:05 -0400 2010","1"
"Fri Jun 18 13:31:24 -0400 2010","1"
"Fri Jun 18 13:12:32 -0400 2010","1"
"Fri Jun 18 13:21:59 -0400 2010","1"
"Fri Jun 18 12:53:42 -0400 2010","1"
"Fri Jun 18 12:20:41 -0400 2010","1"
"Fri Jun 18 12:53:43 -0400 2010","2"
"Fri Jun 18 12:49:00 -0400 2010","2"
"Fri Jun 18 13:03:09 -0400 2010","1"
"Fri Jun 18 13:22:02 -0400 2010","1"
"Fri Jun 18 12:20:43 -0400 2010","1"
"Fri Jun 18 13:36:11 -0400 2010","1"
"Fri Jun 18 12:53:45 -0400 2010","1"
"Fri Jun 18 12:11:18 -0400 2010","1"
"Fri Jun 18 13:26:47 -0400 2010","1"
